id,worked_years,salary
47,12.0,10428.271919797535
48,10.3,9245.318940300343
49,9.0,8340.707838331902
50,7.0,6948.998450688146
51,6.0,6253.143756866268
52,6.3,6461.900165012831
53,5.0,5557.289063044389
54,4.2,5000.605307986887
55,4.3,5070.190777369075
56,3.2,4304.750614165009
57,3.0,4165.579675400633
58,2.0,3469.7249815787554
